Workbook

Sheet README
A1: GramOS — Cane Catchment Credit Stress Dataset
A2: Karnataka sugar mill payment arrears as a leading indicator of rural borrower cash-flow stress
A4: HOW TO USE THIS WORKBOOK
A5: Tab | B5: What it is / what you do
A6: Mills | B6: PRIMARY DATA ENTRY. One row per mill per season. Fill the yellow columns from the sources listed in 'Sources'. Grey columns are formulas — do not type in them.
A7: Catchment | B7: Which taluks each mill draws cane from, and roughly what share. Fill from local knowledge + district factory list. This is the part nobody else has.
A8: Exposure | B8: OUTPUT. Auto-computed taluk-level arrears exposure. This is what goes into the two-page report and into GramOS as buyer_payment_risk.
A9: Field_Notes | B9: Interview log from village conversations. Captures the lag between mill delay and loan delinquency. NO NAMES — see the PII rule on that tab.
A10: Sources | B10: Provenance log. Every figure in 'Mills' must point to a source_id here. Non-negotiable if a lender ever asks where a number came from.
A12: COLOUR CODE
A13: Yellow fill | B13: You fill this in by hand
A14: Grey fill | B14: Formula — leave alone
A15: Cream fill | B15: EXAMPLE ROW — shows expected format. Delete before sharing the file.
A16: Blue text | B16: Hardcoded input / assumption you can change
A18: SCOPE FOR VERSION 1
A19: Districts | B19: Belagavi, Bagalkot, Vijayapura, Kalaburagi (extend later)
A20: Season | B20: 2025-26 first. Add earlier seasons only once v1 is done.
A21: Mills | B21: 10-15 is enough to write the report. Do NOT try to do all 81 first.
A22: Stop rule | B22: If a figure is not findable in 15 minutes, leave it blank, note it, move on.

Sheet Mills
A1: Mill-level cane dues and arrears
A2: One row per mill per season. Source every figure via source_id. Amounts in Rs crore unless stated.
A4: mill_id | B4: mill_name | C4: sector | D4: district | E4: taluk_hq | F4: season | G4: cane_crushed_MT | H4: dues_payable_cr | I4: dues_paid_cr | J4: outstanding_cr | K4: arrears_pct | L4: as_of_date | M4: source_id | N4: confidence | O4: notes
A5: M001 | B5: [EXAMPLE] Shri Renuka Sugars - Munoli | C5: Private | D5: Belagavi | E5: Saundatti | F5: 2025-26 | G5: 1250000 | H5: 412.5 | I5: 268 | J5: =IFERROR(H5-I5,"") -> 144.5 | K5: =IFERROR(J5/H5,"") -> 0.35030303 | L5: 2026-03-31 | M5: S01 | N5: Medium | O5: Figures illustrative only - replace with sourced values
J6: =IFERROR(H6-I6,"") -> 0 | K6: =IFERROR(J6/H6,"")
J7: =IFERROR(H7-I7,"") -> 0 | K7: =IFERROR(J7/H7,"")
J8: =IFERROR(H8-I8,"") -> 0 | K8: =IFERROR(J8/H8,"")
J9: =IFERROR(H9-I9,"") -> 0 | K9: =IFERROR(J9/H9,"")
J10: =IFERROR(H10-I10,"") -> 0 | K10: =IFERROR(J10/H10,"")
J11: =IFERROR(H11-I11,"") -> 0 | K11: =IFERROR(J11/H11,"")
J12: =IFERROR(H12-I12,"") -> 0 | K12: =IFERROR(J12/H12,"")
J13: =IFERROR(H13-I13,"") -> 0 | K13: =IFERROR(J13/H13,"")
J14: =IFERROR(H14-I14,"") -> 0 | K14: =IFERROR(J14/H14,"")
J15: =IFERROR(H15-I15,"") -> 0 | K15: =IFERROR(J15/H15,"")
J16: =IFERROR(H16-I16,"") -> 0 | K16: =IFERROR(J16/H16,"")
J17: =IFERROR(H17-I17,"") -> 0 | K17: =IFERROR(J17/H17,"")
... J45: =IFERROR(H45-I45,"") -> 0 | K45: =IFERROR(J45/H45,"")
A47: TOTAL | H47: =SUM(H6:H45) -> 0 | I47: =SUM(I6:I45) -> 0 | J47: =SUM(J6:J45) -> 0 | K47: =IFERROR(J47/H47,"")
A49: Note: totals exclude the example row. 'confidence' = High if from the Directorate/official release, Medium if from a dated news report, Low if inferred.

Sheet Catchment
A1: Mill catchment mapping
A2: Which taluks supply cane to which mill, and roughly what share. Local knowledge beats any dataset here — verify with growers.
A4: link_id | B4: mill_id | C4: district | D4: taluk | E4: share_weight | F4: confidence | G4: basis | H4: mill_outstanding_cr | I4: weighted_exposure_cr | J4: notes
A5: L001 | B5: M001 | C5: Belagavi | D5: Saundatti | E5: 0.6 | F5: High | G5: Grower interview + distance to mill | H5: =IFERROR(INDEX(Mills!$J$5:$J$45,MATCH($B5,Mills!$A$5:$A$45,0)),"") -> 144.5 | I5: =IFERROR($E5*$H5,"") -> 86.7 | J5: [EXAMPLE ROW - delete]
H6: =IFERROR(INDEX(Mills!$J$5:$J$45,MATCH($B6,Mills!$A$5:$A$45,0)),"") | I6: =IFERROR($E6*$H6,"")
H7: =IFERROR(INDEX(Mills!$J$5:$J$45,MATCH($B7,Mills!$A$5:$A$45,0)),"") | I7: =IFERROR($E7*$H7,"")
H8: =IFERROR(INDEX(Mills!$J$5:$J$45,MATCH($B8,Mills!$A$5:$A$45,0)),"") | I8: =IFERROR($E8*$H8,"")
H9: =IFERROR(INDEX(Mills!$J$5:$J$45,MATCH($B9,Mills!$A$5:$A$45,0)),"") | I9: =IFERROR($E9*$H9,"")
H10: =IFERROR(INDEX(Mills!$J$5:$J$45,MATCH($B10,Mills!$A$5:$A$45,0)),"") | I10: =IFERROR($E10*$H10,"")
H11: =IFERROR(INDEX(Mills!$J$5:$J$45,MATCH($B11,Mills!$A$5:$A$45,0)),"") | I11: =IFERROR($E11*$H11,"")
H12: =IFERROR(INDEX(Mills!$J$5:$J$45,MATCH($B12,Mills!$A$5:$A$45,0)),"") | I12: =IFERROR($E12*$H12,"")
H13: =IFERROR(INDEX(Mills!$J$5:$J$45,MATCH($B13,Mills!$A$5:$A$45,0)),"") | I13: =IFERROR($E13*$H13,"")
H14: =IFERROR(INDEX(Mills!$J$5:$J$45,MATCH($B14,Mills!$A$5:$A$45,0)),"") | I14: =IFERROR($E14*$H14,"")
H15: =IFERROR(INDEX(Mills!$J$5:$J$45,MATCH($B15,Mills!$A$5:$A$45,0)),"") | I15: =IFERROR($E15*$H15,"")
H16: =IFERROR(INDEX(Mills!$J$5:$J$45,MATCH($B16,Mills!$A$5:$A$45,0)),"") | I16: =IFERROR($E16*$H16,"")
H17: =IFERROR(INDEX(Mills!$J$5:$J$45,MATCH($B17,Mills!$A$5:$A$45,0)),"") | I17: =IFERROR($E17*$H17,"")
... H85: =IFERROR(INDEX(Mills!$J$5:$J$45,MATCH($B85,Mills!$A$5:$A$45,0)),"") | I85: =IFERROR($E85*$H85,"")
A87: share_weight = rough share of that taluk's cane going to this mill (0 to 1). Taluk weights need not sum to 1 across mills — approximate is fine for v1.

Sheet Exposure
A1: Taluk-level buyer payment stress (OUTPUT)
A2: This is the table that goes into the district report and feeds buyer_payment_risk in GramOS.
A4: THRESHOLDS (editable)
A5: HIGH if weighted exposure >= (Rs cr) | B5: 100
A6: MEDIUM if weighted exposure >= (Rs cr) | B6: 40
A7: Thresholds are placeholders until calibrated against a real loan book. Document any change in the provenance note.
A9: taluk | B9: district | C9: n_mills | D9: weighted_exposure_cr | E9: stress_flag
A10: Saundatti | B10: Belagavi | C10: =COUNTIFS(Catchment!$D$5:$D$85,$A10) -> 1 | D10: =IFERROR(SUMIFS(Catchment!$I$5:$I$85,Catchment!$D$5:$D$85,$A10),"") -> 86.7 | E10: =IF($A10="","",IF($D10>=$B$5,"HIGH",IF($D10>=$B$6,"MEDIUM","LOW"))) -> MEDIUM
C11: =COUNTIFS(Catchment!$D$5:$D$85,$A11) -> 0 | D11: =IFERROR(SUMIFS(Catchment!$I$5:$I$85,Catchment!$D$5:$D$85,$A11),"") -> 0 | E11: =IF($A11="","",IF($D11>=$B$5,"HIGH",IF($D11>=$B$6,"MEDIUM","LOW")))
C12: =COUNTIFS(Catchment!$D$5:$D$85,$A12) -> 0 | D12: =IFERROR(SUMIFS(Catchment!$I$5:$I$85,Catchment!$D$5:$D$85,$A12),"") -> 0 | E12: =IF($A12="","",IF($D12>=$B$5,"HIGH",IF($D12>=$B$6,"MEDIUM","LOW")))
C13: =COUNTIFS(Catchment!$D$5:$D$85,$A13) -> 0 | D13: =IFERROR(SUMIFS(Catchment!$I$5:$I$85,Catchment!$D$5:$D$85,$A13),"") -> 0 | E13: =IF($A13="","",IF($D13>=$B$5,"HIGH",IF($D13>=$B$6,"MEDIUM","LOW")))
C14: =COUNTIFS(Catchment!$D$5:$D$85,$A14) -> 0 | D14: =IFERROR(SUMIFS(Catchment!$I$5:$I$85,Catchment!$D$5:$D$85,$A14),"") -> 0 | E14: =IF($A14="","",IF($D14>=$B$5,"HIGH",IF($D14>=$B$6,"MEDIUM","LOW")))
C15: =COUNTIFS(Catchment!$D$5:$D$85,$A15) -> 0 | D15: =IFERROR(SUMIFS(Catchment!$I$5:$I$85,Catchment!$D$5:$D$85,$A15),"") -> 0 | E15: =IF($A15="","",IF($D15>=$B$5,"HIGH",IF($D15>=$B$6,"MEDIUM","LOW")))
C16: =COUNTIFS(Catchment!$D$5:$D$85,$A16) -> 0 | D16: =IFERROR(SUMIFS(Catchment!$I$5:$I$85,Catchment!$D$5:$D$85,$A16),"") -> 0 | E16: =IF($A16="","",IF($D16>=$B$5,"HIGH",IF($D16>=$B$6,"MEDIUM","LOW")))
C17: =COUNTIFS(Catchment!$D$5:$D$85,$A17) -> 0 | D17: =IFERROR(SUMIFS(Catchment!$I$5:$I$85,Catchment!$D$5:$D$85,$A17),"") -> 0 | E17: =IF($A17="","",IF($D17>=$B$5,"HIGH",IF($D17>=$B$6,"MEDIUM","LOW")))
C18: =COUNTIFS(Catchment!$D$5:$D$85,$A18) -> 0 | D18: =IFERROR(SUMIFS(Catchment!$I$5:$I$85,Catchment!$D$5:$D$85,$A18),"") -> 0 | E18: =IF($A18="","",IF($D18>=$B$5,"HIGH",IF($D18>=$B$6,"MEDIUM","LOW")))
C19: =COUNTIFS(Catchment!$D$5:$D$85,$A19) -> 0 | D19: =IFERROR(SUMIFS(Catchment!$I$5:$I$85,Catchment!$D$5:$D$85,$A19),"") -> 0 | E19: =IF($A19="","",IF($D19>=$B$5,"HIGH",IF($D19>=$B$6,"MEDIUM","LOW")))
C20: =COUNTIFS(Catchment!$D$5:$D$85,$A20) -> 0 | D20: =IFERROR(SUMIFS(Catchment!$I$5:$I$85,Catchment!$D$5:$D$85,$A20),"") -> 0 | E20: =IF($A20="","",IF($D20>=$B$5,"HIGH",IF($D20>=$B$6,"MEDIUM","LOW")))
C21: =COUNTIFS(Catchment!$D$5:$D$85,$A21) -> 0 | D21: =IFERROR(SUMIFS(Catchment!$I$5:$I$85,Catchment!$D$5:$D$85,$A21),"") -> 0 | E21: =IF($A21="","",IF($D21>=$B$5,"HIGH",IF($D21>=$B$6,"MEDIUM","LOW")))
C22: =COUNTIFS(Catchment!$D$5:$D$85,$A22) -> 0 | D22: =IFERROR(SUMIFS(Catchment!$I$5:$I$85,Catchment!$D$5:$D$85,$A22),"") -> 0 | E22: =IF($A22="","",IF($D22>=$B$5,"HIGH",IF($D22>=$B$6,"MEDIUM","LOW")))
... C49: =COUNTIFS(Catchment!$D$5:$D$85,$A49) -> 0 | D49: =IFERROR(SUMIFS(Catchment!$I$5:$I$85,Catchment!$D$5:$D$85,$A49),"") -> 0 | E49: =IF($A49="","",IF($D49>=$B$5,"HIGH",IF($D49>=$B$6,"MEDIUM","LOW")))
A51: Row 10 (cream) is a worked example driven by the example rows in Mills and Catchment — it shows the chain computing end to end. Delete all three example rows before sharing.

Sheet Field_Notes
A1: Grower interview log — mill delay to loan delinquency lag
A2: PII RULE: record NO names, phone numbers, account numbers, survey numbers or exact addresses. Village + taluk only. This is the line that keeps the dataset shareable.
A4: note_id | B4: date | C4: village | D4: taluk | E4: mill_id | F4: delay_months | G4: bridge_action | H4: missed_loan_emi | I4: lag_months_delay_to_miss | J4: lender_type | K4: lender_knew_reason | L4: notes
A5: N001 | B5: 2026-08-02 | C5: [EXAMPLE] village name | D5: Saundatti | E5: M001 | F5: 5 | G5: Gold loan | H5: Yes | I5: 3 | J5: RRB | K5: No | L5: Bank saw a missed EMI, not the cause
A47: SUMMARY
A48: Interviews logged | B48: =COUNTA(A6:A45) -> 0
A49: Median lag, mill delay to missed EMI (months) | B49: =IFERROR(MEDIAN(I6:I45),"")
A50: Share who missed an EMI | B50: =IFERROR(COUNTIF(H6:H45,"Yes")/COUNTA(H6:H45),"")
A52: The median lag is the single number that calibrates buyer_payment_risk. Ten honest interviews beat a guessed parameter.

Sheet Sources
A1: Provenance log
A2: Every figure in Mills must cite a source_id here. Save a dated PDF/screenshot snapshot of each source alongside this file.
A4: source_id | B4: source_name | C4: publisher | D4: url | E4: data_taken | F4: period_covered | G4: date_accessed | H4: access_method | I4: tier | J4: snapshot_saved | K4: notes
A5: S01 | B5: Directorate of Sugarcane Development & Sugar (Cane Commissionerate) | C5: Government of Karnataka | D5: https://canecommissionarate.karnataka.gov.in/english | E5: District-wise factory list, sector-wise list, season crushing & payment statements | H5: Manual browse (site blocks automated access) | I5: Tier 1 — primary | K5: Start here. Also the office to file an RTI with.
A6: S02 | B6: District-wise Sugar Factory List | C6: Government of Karnataka | D6: https://canecommissionarate.karnataka.gov.in/page/List++of+Factories/District+Wise+Sugar+Factory+List/en | E6: Mill names, districts, sector (coop/private/public) | H6: Manual browse | I6: Tier 1 — primary | K6: Use this to build the mill_id master list first.
A7: S03 | B7: Deccan Herald — Karnataka cane dues reporting | C7: Deccan Herald | D7: https://www.deccanherald.com/amp/story/business%2Fsugar-mills-owe-rs-4390-crore-to-farmers-in-karnataka-for-2025-26-season-3864991 | E7: State totals 2025-26: Rs 12,397.33 cr payable, Rs 8,058.43 cr paid, Rs 4,390.35 cr outstanding as on 31-Dec-2025; 312.61 lakh MT crushed; 81 factories | F7: 2025-26 season | G7: 2026-07-31 | H7: Web | I7: Tier 2 — press citing Tier 1 | J7: No | K7: Figures attributed to the Commissioner for Cane Development. Good cross-check for your state total.
A8: S04 | B8: ChiniMandi | C8: ChiniMandi | D8: https://www.chinimandi.com/ | E8: Mill-level payment news, Cane Commissioner hearings and deadlines, FRP notifications | H8: Web | I8: Tier 2 — trade press | K8: Best source for enforcement events (deadlines, hearings, stock seizures).
A9: S05 | B9: ISMA — Indian Sugar Mills Association | C9: ISMA | D9: https://www.indiansugar.com/ | E9: Mill-wise crushing and recovery data, season reports | H9: Web | I9: Tier 2 — industry body | K9: Good for cane_crushed_MT where the Directorate is silent.
A10: S06 | B10: NFCSF — National Federation of Cooperative Sugar Factories | C10: NFCSF | D10: https://nfcsf.com/ | E10: Cooperative mill data | H10: Web | I10: Tier 2 — industry body | K10: Covers the cooperative mills, which are often the worst payers.
A11: S07 | B11: DFPD, Ministry of Consumer Affairs, Food & Public Distribution | C11: Government of India | D11: https://dfpd.gov.in/ | E11: State-wise cane dues payable vs paid, FRP notifications | H11: Web | I11: Tier 1 — primary (national) | K11: State-level only, but authoritative and useful for framing.
A12: S08 | B12: RTI application — Cane Commissionerate, Bengaluru | C12: Government of Karnataka | E12: Mill-wise dues payable / paid / outstanding by season, if not published | H12: RTI | I12: Tier 1 — primary | K12: File early: ~30 day response. A filed RTI is itself credible in a pitch.
